"","Estimator","Rho_svy","fn_svy","fp_svy","Rho_sen","fn_sen","fp_sen","Theta","ThetaHat","SE","RB","CV","RRMSE","fn_sen_label","fp_sen_label"
"1","Survey",1,0,0,1,0,0,331839,332193.506493506,6016.83878866008,0.00106830870845949,0.0181318012308984,0.0180725171798123,"&#950;<sup>sen</sup>: 0","&#958;<sup>sen</sup>: 0"
"2","LP",1,0,0,1,0,0,331839,331935.37,1139.563301569,0.000290411916622203,0.00343408490734662,0.00342919069762435,"&#950;<sup>sen</sup>: 0","&#958;<sup>sen</sup>: 0"
"3","HUG_GLM",1,0,0,1,0,0,331839,332193.506493506,6016.83878866008,0.00106830870845949,0.0181318012308983,0.0180725171798122,"&#950;<sup>sen</sup>: 0","&#958;<sup>sen</sup>: 0"
"4","HUG_XGB",1,0,0,1,0,0,331839,332193.523327436,6016.83706863984,0.00106835943766691,0.0181317960476009,0.0180725150303086,"&#950;<sup>sen</sup>: 0","&#958;<sup>sen</sup>: 0"
"5","Survey",1,0.3,0,1,0,0,331839,232818.181818182,4531.55612095732,-0.298400182563888,0.0136558877074645,0.298709369438841,"&#950;<sup>sen</sup>: 0","&#958;<sup>sen</sup>: 0"
"6","LP",1,0.3,0,1,0,0,331839,331935.37,1139.563301569,0.000290411916622203,0.00343408490734662,0.00342919069762435,"&#950;<sup>sen</sup>: 0","&#958;<sup>sen</sup>: 0"
"7","HUG_GLM",1,0.3,0,1,0,0,331839,332193.506493795,6016.8387886655,0.00106830870932811,0.0181318012309147,0.0180725171798798,"&#950;<sup>sen</sup>: 0","&#958;<sup>sen</sup>: 0"
"8","HUG_XGB",1,0.3,0,1,0,0,331839,332227.291571908,6017.11235057591,0.00117012036532136,0.0181326256123479,0.0180796397129738,"&#950;<sup>sen</sup>: 0","&#958;<sup>sen</sup>: 0"
"9","Survey",1,0.6,0,1,0,0,331839,133001.948051948,3401.12923744704,-0.599197357598269,0.0102493354833128,0.599284132729892,"&#950;<sup>sen</sup>: 0","&#958;<sup>sen</sup>: 0"
"10","LP",1,0.6,0,1,0,0,331839,331935.37,1139.563301569,0.000290411916622203,0.00343408490734662,0.00342919069762435,"&#950;<sup>sen</sup>: 0","&#958;<sup>sen</sup>: 0"
"11","HUG_GLM",1,0.6,0,1,0,0,331839,332193.506494084,6016.83878867093,0.00106830871020077,0.0181318012309311,0.0180725171799477,"&#950;<sup>sen</sup>: 0","&#958;<sup>sen</sup>: 0"
"12","HUG_XGB",1,0.6,0,1,0,0,331839,332308.427738057,6014.02872579599,0.00141462497794639,0.0181233330795837,0.018087891356447,"&#950;<sup>sen</sup>: 0","&#958;<sup>sen</sup>: 0"
"13","Survey",1,0.9,0,1,0,0,331839,33077.2727272727,1773.85709563723,-0.90032132230608,0.00534553532175914,0.900337032671302,"&#950;<sup>sen</sup>: 0","&#958;<sup>sen</sup>: 0"
"14","LP",1,0.9,0,1,0,0,331839,331935.37,1139.563301569,0.000290411916622203,0.00343408490734662,0.00342919069762435,"&#950;<sup>sen</sup>: 0","&#958;<sup>sen</sup>: 0"
"15","HUG_GLM",1,0.9,0,1,0,0,331839,332193.506494374,6016.83878867532,0.00106830871107414,0.0181318012309443,0.0180725171800124,"&#950;<sup>sen</sup>: 0","&#958;<sup>sen</sup>: 0"
"16","HUG_XGB",1,0.9,0,1,0,0,331839,332866.924377872,6017.95069292037,0.00309765994314153,0.0181351519650203,0.0183082057162841,"&#950;<sup>sen</sup>: 0","&#958;<sup>sen</sup>: 0"
"17","Survey",1,0,0,1,0.3,0,331839,332193.506493506,6016.83878866008,0.00106830870845949,0.0181318012308984,0.0180725171798123,"&#950;<sup>sen</sup>: 0.3","&#958;<sup>sen</sup>: 0"
"18","LP",1,0,0,1,0.3,0,331839,331706.666767032,3009.6528200693,-0.000398787463102128,0.00906961755571014,0.00903296266025188,"&#950;<sup>sen</sup>: 0.3","&#958;<sup>sen</sup>: 0"
"19","HUG_GLM",1,0,0,1,0.3,0,331839,332193.506493795,6016.83878866438,0.00106830870932881,0.0181318012309113,0.0180725171798765,"&#950;<sup>sen</sup>: 0.3","&#958;<sup>sen</sup>: 0"
"20","HUG_XGB",1,0,0,1,0.3,0,331839,332227.27735647,6016.86551212076,0.00117007752696339,0.0181318817623027,0.0180788983707196,"&#950;<sup>sen</sup>: 0.3","&#958;<sup>sen</sup>: 0"
"21","Survey",1,0.3,0,1,0.3,0,331839,232818.181818182,4531.55612095732,-0.298400182563888,0.0136558877074645,0.298709369438841,"&#950;<sup>sen</sup>: 0.3","&#958;<sup>sen</sup>: 0"
"22","LP",1,0.3,0,1,0.3,0,331839,331776.434018831,3270.93084381592,-0.00018854318259597,0.00985698137896967,0.00980938477265545,"&#950;<sup>sen</sup>: 0.3","&#958;<sup>sen</sup>: 0"
"23","HUG_GLM",1,0.3,0,1,0.3,0,331839,331993.515603866,6398.65867425971,0.000465634249940896,0.0192824191076387,0.0191914143572307,"&#950;<sup>sen</sup>: 0.3","&#958;<sup>sen</sup>: 0"
"24","HUG_XGB",1,0.3,0,1,0.3,0,331839,332279.714986549,6406.91459646854,0.00132809882668701,0.0193072984081694,0.0192563729865551,"&#950;<sup>sen</sup>: 0.3","&#958;<sup>sen</sup>: 0"
"25","Survey",1,0.6,0,1,0.3,0,331839,133001.948051948,3401.12923744704,-0.599197357598269,0.0102493354833128,0.599284132729892,"&#950;<sup>sen</sup>: 0.3","&#958;<sup>sen</sup>: 0"
"26","LP",1,0.6,0,1,0.3,0,331839,331245.066215209,4827.25213237114,-0.00178982514047717,0.0145469704657112,0.0145842956726218,"&#950;<sup>sen</sup>: 0.3","&#958;<sup>sen</sup>: 0"
"27","HUG_GLM",1,0.6,0,1,0.3,0,331839,331514.446840562,7190.91121833287,-0.000978044049787848,0.0216698797258094,0.0215834293063234,"&#950;<sup>sen</sup>: 0.3","&#958;<sup>sen</sup>: 0"
"28","HUG_XGB",1,0.6,0,1,0.3,0,331839,332612.485736564,7231.02064474329,0.00233090666426819,0.0217907498658786,0.0218064563328764,"&#950;<sup>sen</sup>: 0.3","&#958;<sup>sen</sup>: 0"
"29","Survey",1,0.9,0,1,0.3,0,331839,33077.2727272727,1773.85709563723,-0.90032132230608,0.00534553532175914,0.900337032671302,"&#950;<sup>sen</sup>: 0.3","&#958;<sup>sen</sup>: 0"
"30","LP",1,0.9,0,1,0.3,0,331839,333328.654315331,9063.46775904916,0.00448908752536946,0.0273128467692139,0.0275442115418575,"&#950;<sup>sen</sup>: 0.3","&#958;<sup>sen</sup>: 0"
"31","HUG_GLM",1,0.9,0,1,0.3,0,331839,334213.130284809,10822.2655980023,0.00715446431796579,0.0326130008769381,0.0332288746064958,"&#950;<sup>sen</sup>: 0.3","&#958;<sup>sen</sup>: 0"
"32","HUG_XGB",1,0.9,0,1,0.3,0,331839,340650.045437771,11948.4044518731,0.0265521696900326,0.0360066310827634,0.0445929413961358,"&#950;<sup>sen</sup>: 0.3","&#958;<sup>sen</sup>: 0"
"33","Survey",1,0,0,1,0.6,0,331839,332193.506493506,6016.83878866008,0.00106830870845949,0.0181318012308984,0.0180725171798123,"&#950;<sup>sen</sup>: 0.6","&#958;<sup>sen</sup>: 0"
"34","LP",1,0,0,1,0.6,0,331839,332107.205685616,4775.49290895031,0.000808240398554561,0.0143909935509398,0.0143416505664869,"&#950;<sup>sen</sup>: 0.6","&#958;<sup>sen</sup>: 0"
"35","HUG_GLM",1,0,0,1,0.6,0,331839,332193.506494085,6016.83878867078,0.00106830871020393,0.0181318012309306,0.0180725171799474,"&#950;<sup>sen</sup>: 0.6","&#958;<sup>sen</sup>: 0"
"36","HUG_XGB",1,0,0,1,0.6,0,331839,332309.270814378,6013.60315653359,0.00141716559650274,0.0181220506225416,0.0180868181255359,"&#950;<sup>sen</sup>: 0.6","&#958;<sup>sen</sup>: 0"
"37","Survey",1,0.3,0,1,0.6,0,331839,232818.181818182,4531.55612095732,-0.298400182563888,0.0136558877074645,0.298709369438841,"&#950;<sup>sen</sup>: 0.6","&#958;<sup>sen</sup>: 0"
"38","LP",1,0.3,0,1,0.6,0,331839,332260.173556515,6227.22349935846,0.001269210540398,0.0187657975685753,0.0187148203891129,"&#950;<sup>sen</sup>: 0.6","&#958;<sup>sen</sup>: 0"
"39","HUG_GLM",1,0.3,0,1,0.6,0,331839,332327.787562106,6960.27108181047,0.00147296599286289,0.0209748434687016,0.0209216215138143,"&#950;<sup>sen</sup>: 0.6","&#958;<sup>sen</sup>: 0"
"40","HUG_XGB",1,0.3,0,1,0.6,0,331839,333420.821075082,7048.54645653418,0.00476683293730376,0.0212408621546418,0.0216652989611021,"&#950;<sup>sen</sup>: 0.6","&#958;<sup>sen</sup>: 0"
"41","Survey",1,0.9,0,1,0.6,0,331839,33077.2727272727,1773.85709563723,-0.90032132230608,0.00534553532175914,0.900337032671302,"&#950;<sup>sen</sup>: 0.6","&#958;<sup>sen</sup>: 0"
"42","LP",1,0.9,0,1,0.6,0,331839,333950.780690196,16685.1945155191,0.00636387130565115,0.0502809932392488,0.0504320865750072,"&#950;<sup>sen</sup>: 0.6","&#958;<sup>sen</sup>: 0"
"43","HUG_GLM",1,0.9,0,1,0.6,0,331839,335358.134543605,17322.9151531577,0.0106049456019492,0.0522027704795328,0.0530126666420554,"&#950;<sup>sen</sup>: 0.6","&#958;<sup>sen</sup>: 0"
"44","HUG_XGB",1,0.9,0,1,0.6,0,331839,358800.061306821,20331.5431828226,0.0812474160867799,0.0612692998195588,0.101575245262581,"&#950;<sup>sen</sup>: 0.6","&#958;<sup>sen</sup>: 0"
"45","Survey",1,0,0,1,0.9,0,331839,332193.506493506,6016.83878866008,0.00106830870845949,0.0181318012308984,0.0180725171798123,"&#950;<sup>sen</sup>: 0.9","&#958;<sup>sen</sup>: 0"
"46","LP",1,0,0,1,0.9,0,331839,335423.058629559,10882.9384309099,0.010800594955865,0.0327958390391421,0.0343724342911462,"&#950;<sup>sen</sup>: 0.9","&#958;<sup>sen</sup>: 0"
"47","HUG_GLM",1,0,0,1,0.9,0,331839,332193.506494375,6016.83878867582,0.00106830871107554,0.0181318012309458,0.018072517180014,"&#950;<sup>sen</sup>: 0.9","&#958;<sup>sen</sup>: 0"
"48","HUG_XGB",1,0,0,1,0.9,0,331839,332865.606592508,6022.12240738844,0.00309368878434431,0.0181477234664655,0.0183198629536229,"&#950;<sup>sen</sup>: 0.9","&#958;<sup>sen</sup>: 0"
"49","Survey",1,0.3,0,1,0.9,0,331839,232818.181818182,4531.55612095732,-0.298400182563888,0.0136558877074645,0.298709369438841,"&#950;<sup>sen</sup>: 0.9","&#958;<sup>sen</sup>: 0"
"50","LP",1,0.3,0,1,0.9,0,331839,332508.24649543,15246.2120402436,0.00201678071423298,0.0459446057884805,0.0457587711537098,"&#950;<sup>sen</sup>: 0.9","&#958;<sup>sen</sup>: 0"
"51","HUG_GLM",1,0.3,0,1,0.9,0,331839,333276.071402494,10248.3746668877,0.00433062841466506,0.0308835750676914,0.0310324281895249,"&#950;<sup>sen</sup>: 0.9","&#958;<sup>sen</sup>: 0"
"52","HUG_XGB",1,0.3,0,1,0.9,0,331839,339728.717460824,11152.2990429318,0.0237757390205021,0.0336075598194662,0.0410299788230488,"&#950;<sup>sen</sup>: 0.9","&#958;<sup>sen</sup>: 0"
"53","Survey",1,0.6,0,1,0.9,0,331839,133001.948051948,3401.12923744704,-0.599197357598269,0.0102493354833128,0.599284132729892,"&#950;<sup>sen</sup>: 0.9","&#958;<sup>sen</sup>: 0"
"54","LP",1,0.6,0,1,0.9,0,331839,333984.487647602,18943.5656123993,0.00646544754414671,0.0570866161373415,0.0571672540580547,"&#950;<sup>sen</sup>: 0.9","&#958;<sup>sen</sup>: 0"
"55","HUG_GLM",1,0.6,0,1,0.9,0,331839,334830.813784875,17397.9858234884,0.00901585945255054,0.0524289966625033,0.0529395638043473,"&#950;<sup>sen</sup>: 0.9","&#958;<sup>sen</sup>: 0"
"56","HUG_XGB",1,0.6,0,1,0.9,0,331839,357997.285783787,21957.5417677185,0.0788282443708757,0.0661692621051731,0.102705791685095,"&#950;<sup>sen</sup>: 0.9","&#958;<sup>sen</sup>: 0"
"57","Survey",1,0.9,0,1,0.9,0,331839,33077.2727272727,1773.85709563723,-0.90032132230608,0.00534553532175914,0.900337032671302,"&#950;<sup>sen</sup>: 0.9","&#958;<sup>sen</sup>: 0"
"58","LP",1,0.9,0,1,0.9,0,331839,342808.71589123,54639.0058559536,0.0330573437457028,0.164655166680088,0.16713168057201,"&#950;<sup>sen</sup>: 0.9","&#958;<sup>sen</sup>: 0"
"59","HUG_GLM",1,0.9,0,1,0.9,0,331839,353115.43903938,67617.9280093373,0.064116752519685,0.203767272711578,0.212642536590641,"&#950;<sup>sen</sup>: 0.9","&#958;<sup>sen</sup>: 0"
"60","HUG_XGB",1,0.9,0,1,0.9,0,331839,496559.73437114,121507.387353415,0.496387508313187,0.366163673809935,0.615739909431883,"&#950;<sup>sen</sup>: 0.9","&#958;<sup>sen</sup>: 0"
"61","Survey",1,0,0,1,0,0.05,331839,332193.506493506,6016.83878866008,0.00106830870845949,0.0181318012308984,0.0180725171798123,"&#950;<sup>sen</sup>: 0","&#958;<sup>sen</sup>: 0.05"
"62","LP",1,0,0,1,0,0.05,331839,360872.98,1086.69616970546,0.0874941763927687,0.00327476929988779,0.0875548272539941,"&#950;<sup>sen</sup>: 0","&#958;<sup>sen</sup>: 0.05"
"63","HUG_GLM",1,0,0,1,0,0.05,331839,360996.753246837,6087.07308355535,0.0878671682558011,0.018343452950242,0.0897427250576314,"&#950;<sup>sen</sup>: 0","&#958;<sup>sen</sup>: 0.05"
"64","HUG_XGB",1,0,0,1,0,0.05,331839,361003.209584293,6086.74308438066,0.0878866244904698,0.0183424584945732,0.0897615735719786,"&#950;<sup>sen</sup>: 0","&#958;<sup>sen</sup>: 0.05"
"65","Survey",1,0.3,0,1,0,0.05,331839,232818.181818182,4531.55612095732,-0.298400182563888,0.0136558877074645,0.298709369438841,"&#950;<sup>sen</sup>: 0","&#958;<sup>sen</sup>: 0.05"
"66","LP",1,0.3,0,1,0,0.05,331839,360851.01,1152.78196222193,0.0874279695876615,0.00347391946763921,0.0874962702149299,"&#950;<sup>sen</sup>: 0","&#958;<sup>sen</sup>: 0.05"
"67","HUG_GLM",1,0.3,0,1,0,0.05,331839,361066.233766606,6099.62547479555,0.0880765484665931,0.0183812797012875,0.0899553840457063,"&#950;<sup>sen</sup>: 0","&#958;<sup>sen</sup>: 0.05"
"68","HUG_XGB",1,0.3,0,1,0,0.05,331839,361109.881084946,6099.86001078365,0.0882080800778258,0.0183819864777306,0.0900843151920185,"&#950;<sup>sen</sup>: 0","&#958;<sup>sen</sup>: 0.05"
"69","Survey",1,0.6,0,1,0,0.05,331839,133001.948051948,3401.12923744704,-0.599197357598269,0.0102493354833128,0.599284132729892,"&#950;<sup>sen</sup>: 0","&#958;<sup>sen</sup>: 0.05"
"70","LP",1,0.6,0,1,0,0.05,331839,360848.15,1165.8026703356,0.0874193509503103,0.00351315749606164,0.0874892094684237,"&#950;<sup>sen</sup>: 0","&#958;<sup>sen</sup>: 0.05"
"71","HUG_GLM",1,0.6,0,1,0,0.05,331839,360905.844156505,5964.93167186527,0.0875932128426897,0.0179753786380301,0.0894005258984167,"&#950;<sup>sen</sup>: 0","&#958;<sup>sen</sup>: 0.05"
"72","HUG_XGB",1,0.6,0,1,0,0.05,331839,361037.390695046,5961.71786984469,0.0879896295946106,0.0179656938149063,0.0897870447720896,"&#950;<sup>sen</sup>: 0","&#958;<sup>sen</sup>: 0.05"
"73","Survey",1,0.9,0,1,0,0.05,331839,33077.2727272727,1773.85709563723,-0.90032132230608,0.00534553532175914,0.900337032671302,"&#950;<sup>sen</sup>: 0","&#958;<sup>sen</sup>: 0.05"
"74","LP",1,0.9,0,1,0,0.05,331839,360862.58,1160.33514994678,0.0874628358933098,0.003496681071082,0.0875320065646148,"&#950;<sup>sen</sup>: 0","&#958;<sup>sen</sup>: 0.05"
"75","HUG_GLM",1,0.9,0,1,0,0.05,331839,360847.402598353,5928.06650744639,0.0874170986483003,0.0178642851124985,0.0892058882128389,"&#950;<sup>sen</sup>: 0","&#958;<sup>sen</sup>: 0.05"
"76","HUG_XGB",1,0.9,0,1,0,0.05,331839,361585.35363896,5927.74110541988,0.0896409211664693,0.0178633045103797,0.091386002315034,"&#950;<sup>sen</sup>: 0","&#958;<sup>sen</sup>: 0.05"
"77","Survey",1,0,0,1,0.3,0.05,331839,332193.506493506,6016.83878866008,0.00106830870845949,0.0181318012308984,0.0180725171798123,"&#950;<sup>sen</sup>: 0.3","&#958;<sup>sen</sup>: 0.05"
"78","LP",1,0,0,1,0.3,0.05,331839,372955.68227612,3539.34321302739,0.12390551525324,0.0106658446205159,0.124359154665932,"&#950;<sup>sen</sup>: 0.3","&#958;<sup>sen</sup>: 0.05"
"79","HUG_GLM",1,0,0,1,0.3,0.05,331839,373603.719178353,5788.15801147296,0.125858380655538,0.0174426695218855,0.127049345665704,"&#950;<sup>sen</sup>: 0.3","&#958;<sup>sen</sup>: 0.05"
"80","HUG_XGB",1,0,0,1,0.3,0.05,331839,373638.725535497,5771.58634837189,0.125963872647571,0.0173927306566494,0.127147077124373,"&#950;<sup>sen</sup>: 0.3","&#958;<sup>sen</sup>: 0.05"
"81","Survey",1,0.3,0,1,0.3,0.05,331839,232818.181818182,4531.55612095732,-0.298400182563888,0.0136558877074645,0.298709369438841,"&#950;<sup>sen</sup>: 0.3","&#958;<sup>sen</sup>: 0.05"
"82","LP",1,0.3,0,1,0.3,0.05,331839,373173.933502483,3658.80031368341,0.124563217411102,0.0110258297357556,0.125045385216543,"&#950;<sup>sen</sup>: 0.3","&#958;<sup>sen</sup>: 0.05"
"83","HUG_GLM",1,0.3,0,1,0.3,0.05,331839,373453.145802213,6177.18759761384,0.125404626346549,0.0186150139001559,0.12676503407563,"&#950;<sup>sen</sup>: 0.3","&#958;<sup>sen</sup>: 0.05"
"84","HUG_XGB",1,0.3,0,1,0.3,0.05,331839,373943.43644415,6208.35617125497,0.12688212188486,0.0187089406949001,0.128240387832034,"&#950;<sup>sen</sup>: 0.3","&#958;<sup>sen</sup>: 0.05"
"85","Survey",1,0.6,0,1,0.3,0.05,331839,133001.948051948,3401.12923744704,-0.599197357598269,0.0102493354833128,0.599284132729892,"&#950;<sup>sen</sup>: 0.3","&#958;<sup>sen</sup>: 0.05"
"86","LP",1,0.6,0,1,0.3,0.05,331839,372477.504040009,5105.34252935839,0.122464520565724,0.0153849985365144,0.123417543305486,"&#950;<sup>sen</sup>: 0.3","&#958;<sup>sen</sup>: 0.05"
"87","HUG_GLM",1,0.6,0,1,0.3,0.05,331839,372777.987858029,7467.14083409008,0.123370031424964,0.0225023003145805,0.125385224959122,"&#950;<sup>sen</sup>: 0.3","&#958;<sup>sen</sup>: 0.05"
"88","HUG_XGB",1,0.6,0,1,0.3,0.05,331839,374194.116230805,7542.30017224137,0.127637547819289,0.0227287936988762,0.129625521004536,"&#950;<sup>sen</sup>: 0.3","&#958;<sup>sen</sup>: 0.05"
"89","Survey",1,0.9,0,1,0.3,0.05,331839,33077.2727272727,1773.85709563723,-0.90032132230608,0.00534553532175914,0.900337032671302,"&#950;<sup>sen</sup>: 0.3","&#958;<sup>sen</sup>: 0.05"
"90","LP",1,0.9,0,1,0.3,0.05,331839,374797.004045337,10175.6326041921,0.129454356014021,0.0306643661660989,0.133001242888364,"&#950;<sup>sen</sup>: 0.3","&#958;<sup>sen</sup>: 0.05"
"91","HUG_GLM",1,0.9,0,1,0.3,0.05,331839,375601.798757928,11374.2342355674,0.131879612576966,0.0342763636449223,0.136218033413797,"&#950;<sup>sen</sup>: 0.3","&#958;<sup>sen</sup>: 0.05"
"92","HUG_XGB",1,0.9,0,1,0.3,0.05,331839,383201.650165014,12818.418880005,0.154781837472432,0.038628427882211,0.15948244761599,"&#950;<sup>sen</sup>: 0.3","&#958;<sup>sen</sup>: 0.05"
"93","Survey",1,0,0,1,0.6,0.05,331839,332193.506493506,6016.83878866008,0.00106830870845949,0.0181318012308984,0.0180725171798123,"&#950;<sup>sen</sup>: 0.6","&#958;<sup>sen</sup>: 0.05"
"94","LP",1,0,0,1,0.6,0.05,331839,404603.839796615,6050.05555816607,0.219277540604373,0.018231900283469,0.220026630160009,"&#950;<sup>sen</sup>: 0.6","&#958;<sup>sen</sup>: 0.05"
"95","HUG_GLM",1,0,0,1,0.6,0.05,331839,404928.899860128,7334.72798439996,0.220257112214441,0.0221032729257259,0.221352353970618,"&#950;<sup>sen</sup>: 0.6","&#958;<sup>sen</sup>: 0.05"
"96","HUG_XGB",1,0,0,1,0.6,0.05,331839,404686.352562891,7690.12435556444,0.219526193614649,0.023174263289018,0.2207338345092,"&#950;<sup>sen</sup>: 0.6","&#958;<sup>sen</sup>: 0.05"
"97","Survey",1,0.3,0,1,0.6,0.05,331839,232818.181818182,4531.55612095732,-0.298400182563888,0.0136558877074645,0.298709369438841,"&#950;<sup>sen</sup>: 0.6","&#958;<sup>sen</sup>: 0.05"
"98","LP",1,0.3,0,1,0.6,0.05,331839,404562.074373077,7843.21456573248,0.219151680101123,0.0236356021014181,0.220409877639308,"&#950;<sup>sen</sup>: 0.6","&#958;<sup>sen</sup>: 0.05"
"99","HUG_GLM",1,0.3,0,1,0.6,0.05,331839,404432.049247526,7878.29886511379,0.218759848141796,0.0237413289731279,0.220031555358358,"&#950;<sup>sen</sup>: 0.6","&#958;<sup>sen</sup>: 0.05"
"100","HUG_XGB",1,0.3,0,1,0.6,0.05,331839,406266.762129369,8099.11175978992,0.224288772957276,0.0244067507429504,0.225599614941361,"&#950;<sup>sen</sup>: 0.6","&#958;<sup>sen</sup>: 0.05"
"101","Survey",1,0.6,0,1,0.6,0.05,331839,133001.948051948,3401.12923744704,-0.599197357598269,0.0102493354833128,0.599284132729892,"&#950;<sup>sen</sup>: 0.6","&#958;<sup>sen</sup>: 0.05"
"102","LP",1,0.6,0,1,0.6,0.05,331839,403284.584814553,11179.989402819,0.215301953099404,0.0336910049837993,0.217895993508527,"&#950;<sup>sen</sup>: 0.6","&#958;<sup>sen</sup>: 0.05"
"103","HUG_GLM",1,0.6,0,1,0.6,0.05,331839,404360.630703683,10580.6560764681,0.218544627676924,0.031884908273193,0.220835312367111,"&#950;<sup>sen</sup>: 0.6","&#958;<sup>sen</sup>: 0.05"
"104","HUG_XGB",1,0.6,0,1,0.6,0.05,331839,409269.737457422,11245.8409088455,0.233338267826934,0.0338894491269726,0.235762077202807,"&#950;<sup>sen</sup>: 0.6","&#958;<sup>sen</sup>: 0.05"
"105","Survey",1,0.9,0,1,0.6,0.05,331839,33077.2727272727,1773.85709563723,-0.90032132230608,0.00534553532175914,0.900337032671302,"&#950;<sup>sen</sup>: 0.6","&#958;<sup>sen</sup>: 0.05"
"106","LP",1,0.9,0,1,0.6,0.05,331839,406592.853813449,20320.0408164273,0.225271453365785,0.0612346373284252,0.233365403824537,"&#950;<sup>sen</sup>: 0.6","&#958;<sup>sen</sup>: 0.05"
"107","HUG_GLM",1,0.9,0,1,0.6,0.05,331839,408576.536025486,20646.7573214817,0.231249298682451,0.0622192006409183,0.239392470182829,"&#950;<sup>sen</sup>: 0.6","&#958;<sup>sen</sup>: 0.05"
"108","HUG_XGB",1,0.9,0,1,0.6,0.05,331839,439155.029820942,25293.9265447825,0.323397882168588,0.0762234895379462,0.332171808474012,"&#950;<sup>sen</sup>: 0.6","&#958;<sup>sen</sup>: 0.05"
"109","Survey",1,0,0,1,0.9,0.05,331839,332193.506493506,6016.83878866008,0.00106830870845949,0.0181318012308984,0.0180725171798123,"&#950;<sup>sen</sup>: 0.9","&#958;<sup>sen</sup>: 0.05"
"110","LP",1,0,0,1,0.9,0.05,331839,628955.591183656,22582.2003007002,0.895363688968613,0.0680516765681557,0.897920294848258,"&#950;<sup>sen</sup>: 0.9","&#958;<sup>sen</sup>: 0.05"
"111","HUG_GLM",1,0,0,1,0.9,0.05,331839,638325.577636128,22860.1369179801,0.923600232751812,0.06888924122234,0.926140194689675,"&#950;<sup>sen</sup>: 0.9","&#958;<sup>sen</sup>: 0.05"
"112","HUG_XGB",1,0,0,1,0.9,0.05,331839,633580.213723988,26843.4518914501,0.909300033220893,0.080892998988817,0.912855295722201,"&#950;<sup>sen</sup>: 0.9","&#958;<sup>sen</sup>: 0.05"
"113","Survey",1,0.3,0,1,0.9,0.05,331839,232818.181818182,4531.55612095732,-0.298400182563888,0.0136558877074645,0.298709369438841,"&#950;<sup>sen</sup>: 0.9","&#958;<sup>sen</sup>: 0.05"
"114","LP",1,0.3,0,1,0.9,0.05,331839,622641.670667266,29805.0888066666,0.876336629110097,0.0898179201560596,0.880881645689928,"&#950;<sup>sen</sup>: 0.9","&#958;<sup>sen</sup>: 0.05"
"115","HUG_GLM",1,0.3,0,1,0.9,0.05,331839,622069.084248342,26827.6985000293,0.874611134460813,0.0808455259931151,0.878302496640652,"&#950;<sup>sen</sup>: 0.9","&#958;<sup>sen</sup>: 0.05"
"116","HUG_XGB",1,0.3,0,1,0.9,0.05,331839,638923.509375808,31303.7386785445,0.925402105767581,0.0943341158771106,0.930149984423591,"&#950;<sup>sen</sup>: 0.9","&#958;<sup>sen</sup>: 0.05"
"117","Survey",1,0.6,0,1,0.9,0.05,331839,133001.948051948,3401.12923744704,-0.599197357598269,0.0102493354833128,0.599284132729892,"&#950;<sup>sen</sup>: 0.9","&#958;<sup>sen</sup>: 0.05"
"118","LP",1,0.6,0,1,0.9,0.05,331839,625609.189236366,35202.837809411,0.885279274697566,0.106084088396514,0.891549600236498,"&#950;<sup>sen</sup>: 0.9","&#958;<sup>sen</sup>: 0.05"
"119","HUG_GLM",1,0.6,0,1,0.9,0.05,331839,632046.179399295,36332.5032297965,0.904677206112888,0.109488345944258,0.911212745838674,"&#950;<sup>sen</sup>: 0.9","&#958;<sup>sen</sup>: 0.05"
"120","HUG_XGB",1,0.6,0,1,0.9,0.05,331839,677513.893424519,50592.733406942,1.04169459715259,0.15246168595898,1.0526821712965,"&#950;<sup>sen</sup>: 0.9","&#958;<sup>sen</sup>: 0.05"
"121","Survey",1,0.9,0,1,0.9,0.05,331839,33077.2727272727,1773.85709563723,-0.90032132230608,0.00534553532175914,0.900337032671302,"&#950;<sup>sen</sup>: 0.9","&#958;<sup>sen</sup>: 0.05"
"122","LP",1,0.9,0,1,0.9,0.05,331839,641231.760200117,101500.41847713,0.932358041701297,0.305872481767153,0.980772100580176,"&#950;<sup>sen</sup>: 0.9","&#958;<sup>sen</sup>: 0.05"
"123","HUG_GLM",1,0.9,0,1,0.9,0.05,331839,675819.959961505,138371.304626543,1.03658991246208,0.416983249788429,1.11653702442697,"&#950;<sup>sen</sup>: 0.9","&#958;<sup>sen</sup>: 0.05"
"124","HUG_XGB",1,0.9,0,1,0.9,0.05,331839,951885.233460898,250958.30914382,1.86851525426758,0.75626526461272,2.01434034720694,"&#950;<sup>sen</sup>: 0.9","&#958;<sup>sen</sup>: 0.05"
"125","Survey",1,0,0,1,0,0.1,331839,332193.506493506,6016.83878866008,0.00106830870845949,0.0181318012308984,0.0180725171798123,"&#950;<sup>sen</sup>: 0","&#958;<sup>sen</sup>: 0.1"
"126","LP",1,0,0,1,0,0.1,331839,389744.29,1210.77714666609,0.174498145184864,0.00364868851059126,0.174535905966442,"&#950;<sup>sen</sup>: 0","&#958;<sup>sen</sup>: 0.1"
"127","HUG_GLM",1,0,0,1,0,0.1,331839,390128.571428739,5834.69565334576,0.175656180945397,0.017582911150726,0.176525242051132,"&#950;<sup>sen</sup>: 0","&#958;<sup>sen</sup>: 0.1"
"128","HUG_XGB",1,0,0,1,0,0.1,331839,390141.567258612,5833.99441123072,0.175695344003002,0.0175807979509061,0.176564004022218,"&#950;<sup>sen</sup>: 0","&#958;<sup>sen</sup>: 0.1"
"129","Survey",1,0.3,0,1,0,0.1,331839,232818.181818182,4531.55612095732,-0.298400182563888,0.0136558877074645,0.298709369438841,"&#950;<sup>sen</sup>: 0","&#958;<sup>sen</sup>: 0.1"
"130","LP",1,0.3,0,1,0,0.1,331839,389781.08,1251.88917991485,0.1746090122017,0.00377258001595608,0.174649354932764,"&#950;<sup>sen</sup>: 0","&#958;<sup>sen</sup>: 0.1"
"131","HUG_GLM",1,0.3,0,1,0,0.1,331839,389898.701299157,5983.84457408021,0.174963465111566,0.0180323728497259,0.175881007871037,"&#950;<sup>sen</sup>: 0","&#958;<sup>sen</sup>: 0.1"
"132","HUG_XGB",1,0.3,0,1,0,0.1,331839,389952.177458013,5983.97945605654,0.17512461602769,0.0180327793178515,0.176041360076185,"&#950;<sup>sen</sup>: 0","&#958;<sup>sen</sup>: 0.1"
"133","Survey",1,0.6,0,1,0,0.1,331839,133001.948051948,3401.12923744704,-0.599197357598269,0.0102493354833128,0.599284132729892,"&#950;<sup>sen</sup>: 0","&#958;<sup>sen</sup>: 0.1"
"134","LP",1,0.6,0,1,0,0.1,331839,389639.12,1308.20105704611,0.174181214384084,0.0039422763962226,0.174225375798322,"&#950;<sup>sen</sup>: 0","&#958;<sup>sen</sup>: 0.1"
"135","HUG_GLM",1,0.6,0,1,0,0.1,331839,389465.584416328,5785.80821771627,0.173658263243104,0.0174355883959278,0.17452264076015,"&#950;<sup>sen</sup>: 0","&#958;<sup>sen</sup>: 0.1"
"136","HUG_XGB",1,0.6,0,1,0,0.1,331839,389613.615270066,5781.83567860516,0.174104355636516,0.0174236171113256,0.174965348742304,"&#950;<sup>sen</sup>: 0","&#958;<sup>sen</sup>: 0.1"
"137","Survey",1,0.9,0,1,0,0.1,331839,33077.2727272727,1773.85709563723,-0.90032132230608,0.00534553532175914,0.900337032671302,"&#950;<sup>sen</sup>: 0","&#958;<sup>sen</sup>: 0.1"
"138","LP",1,0.9,0,1,0,0.1,331839,389793.17,1246.76983088785,0.174645445532321,0.00375715280870498,0.174685450683332,"&#950;<sup>sen</sup>: 0","&#958;<sup>sen</sup>: 0.1"
"139","HUG_GLM",1,0.9,0,1,0,0.1,331839,389795.454546489,5772.7529483419,0.174652330035015,0.0173962462168157,0.175507947043065,"&#950;<sup>sen</sup>: 0","&#958;<sup>sen</sup>: 0.1"
"140","HUG_XGB",1,0.9,0,1,0,0.1,331839,390598.617887576,5771.37459796786,0.177072670444331,0.0173920925447818,0.177916246173704,"&#950;<sup>sen</sup>: 0","&#958;<sup>sen</sup>: 0.1"
"141","Survey",1,0,0,1,0.3,0.1,331839,332193.506493506,6016.83878866008,0.00106830870845949,0.0181318012308984,0.0180725171798123,"&#950;<sup>sen</sup>: 0.3","&#958;<sup>sen</sup>: 0.1"
"142","LP",1,0,0,1,0.3,0.1,331839,414175.117789512,3865.04992293358,0.248120678369668,0.0116473649056729,0.2483911744261,"&#950;<sup>sen</sup>: 0.3","&#958;<sup>sen</sup>: 0.1"
"143","HUG_GLM",1,0,0,1,0.3,0.1,331839,415045.135555198,5810.10202892848,0.250742485226866,0.0175087980283465,0.251346944135111,"&#950;<sup>sen</sup>: 0.3","&#958;<sup>sen</sup>: 0.1"
"144","HUG_XGB",1,0,0,1,0.3,0.1,331839,415186.091696038,5826.67349479927,0.251167257905304,0.0175587362992272,0.251774139998315,"&#950;<sup>sen</sup>: 0.3","&#958;<sup>sen</sup>: 0.1"
"145","Survey",1,0.3,0,1,0.3,0.1,331839,232818.181818182,4531.55612095732,-0.298400182563888,0.0136558877074645,0.298709369438841,"&#950;<sup>sen</sup>: 0.3","&#958;<sup>sen</sup>: 0.1"
"146","LP",1,0.3,0,1,0.3,0.1,331839,414524.835197332,4105.31742209479,0.249174555122609,0.0123714133121628,0.249478416439614,"&#950;<sup>sen</sup>: 0.3","&#958;<sup>sen</sup>: 0.1"
"147","HUG_GLM",1,0.3,0,1,0.3,0.1,331839,414899.377269176,6035.8683107997,0.250303241237998,0.0181891468778525,0.250956667948374,"&#950;<sup>sen</sup>: 0.3","&#958;<sup>sen</sup>: 0.1"
"148","HUG_XGB",1,0.3,0,1,0.3,0.1,331839,415559.33715785,6134.70557457367,0.25229203667396,0.018486993917453,0.252961702681963,"&#950;<sup>sen</sup>: 0.3","&#958;<sup>sen</sup>: 0.1"
"149","Survey",1,0.6,0,1,0.3,0.1,331839,133001.948051948,3401.12923744704,-0.599197357598269,0.0102493354833128,0.599284132729892,"&#950;<sup>sen</sup>: 0.3","&#958;<sup>sen</sup>: 0.1"
"150","LP",1,0.6,0,1,0.3,0.1,331839,413587.305485148,5793.70482620698,0.246349300368997,0.0174593849011327,0.246961048775326,"&#950;<sup>sen</sup>: 0.3","&#958;<sup>sen</sup>: 0.1"
"151","HUG_GLM",1,0.6,0,1,0.3,0.1,331839,413781.89912061,7461.92464371996,0.246935710150433,0.0224865812750158,0.247947242012413,"&#950;<sup>sen</sup>: 0.3","&#958;<sup>sen</sup>: 0.1"
"152","HUG_XGB",1,0.6,0,1,0.3,0.1,331839,415508.514088952,7567.60708092287,0.252138880869796,0.0228050563102073,0.25315782653051,"&#950;<sup>sen</sup>: 0.3","&#958;<sup>sen</sup>: 0.1"
"153","Survey",1,0.9,0,1,0.3,0.1,331839,33077.2727272727,1773.85709563723,-0.90032132230608,0.00534553532175914,0.900337032671302,"&#950;<sup>sen</sup>: 0.3","&#958;<sup>sen</sup>: 0.1"
"154","LP",1,0.9,0,1,0.3,0.1,331839,416186.349447173,11351.2040555019,0.254181544204187,0.0342069619770489,0.256450136477342,"&#950;<sup>sen</sup>: 0.3","&#958;<sup>sen</sup>: 0.1"
"155","HUG_GLM",1,0.9,0,1,0.3,0.1,331839,417008.773798511,12044.3954694356,0.256659927852094,0.0362959009321858,0.25918822709621,"&#950;<sup>sen</sup>: 0.3","&#958;<sup>sen</sup>: 0.1"
"156","HUG_XGB",1,0.9,0,1,0.3,0.1,331839,425683.803716489,13914.0970987829,0.282802213472463,0.0419302646728773,0.285863004898337,"&#950;<sup>sen</sup>: 0.3","&#958;<sup>sen</sup>: 0.1"
"157","Survey",1,0,0,1,0.6,0.1,331839,332193.506493506,6016.83878866008,0.00106830870845949,0.0181318012308984,0.0180725171798123,"&#950;<sup>sen</sup>: 0.6","&#958;<sup>sen</sup>: 0.1"
"158","LP",1,0,0,1,0.6,0.1,331839,476891.173435693,6964.27924427692,0.437116111836442,0.0209869221046258,0.437614603980991,"&#950;<sup>sen</sup>: 0.6","&#958;<sup>sen</sup>: 0.1"
"159","HUG_GLM",1,0,0,1,0.6,0.1,331839,476841.595685032,7672.12699059515,0.436966708810695,0.0231200280575675,0.437571816904677,"&#950;<sup>sen</sup>: 0.6","&#958;<sup>sen</sup>: 0.1"
"160","HUG_XGB",1,0,0,1,0.6,0.1,331839,476623.62284683,8599.07753043138,0.436309845578216,0.0259134023741374,0.437071013368382,"&#950;<sup>sen</sup>: 0.6","&#958;<sup>sen</sup>: 0.1"
"161","Survey",1,0.3,0,1,0.6,0.1,331839,232818.181818182,4531.55612095732,-0.298400182563888,0.0136558877074645,0.298709369438841,"&#950;<sup>sen</sup>: 0.6","&#958;<sup>sen</sup>: 0.1"
"162","LP",1,0.3,0,1,0.6,0.1,331839,476894.888105136,9150.18150484884,0.437127306028333,0.0275741594714571,0.437987457130269,"&#950;<sup>sen</sup>: 0.6","&#958;<sup>sen</sup>: 0.1"
"163","HUG_GLM",1,0.3,0,1,0.6,0.1,331839,476979.593651137,9070.48899540209,0.437382567001277,0.0273340053321101,0.438227322614243,"&#950;<sup>sen</sup>: 0.6","&#958;<sup>sen</sup>: 0.1"
"164","HUG_XGB",1,0.3,0,1,0.6,0.1,331839,479351.628937476,9694.74474602402,0.444530718021317,0.0292152060065996,0.445480136755766,"&#950;<sup>sen</sup>: 0.6","&#958;<sup>sen</sup>: 0.1"
"165","Survey",1,0.6,0,1,0.6,0.1,331839,133001.948051948,3401.12923744704,-0.599197357598269,0.0102493354833128,0.599284132729892,"&#950;<sup>sen</sup>: 0.6","&#958;<sup>sen</sup>: 0.1"
"166","LP",1,0.6,0,1,0.6,0.1,331839,475284.329475671,13084.1798846981,0.432273872196067,0.039429301211425,0.434050485173629,"&#950;<sup>sen</sup>: 0.6","&#958;<sup>sen</sup>: 0.1"
"167","HUG_GLM",1,0.6,0,1,0.6,0.1,331839,476364.441931449,11831.1483828603,0.435528801411072,0.0356532787974298,0.436971145025255,"&#950;<sup>sen</sup>: 0.6","&#958;<sup>sen</sup>: 0.1"
"168","HUG_XGB",1,0.6,0,1,0.6,0.1,331839,482680.866085245,13180.0411694979,0.454563406004855,0.0397181801099264,0.45627803866904,"&#950;<sup>sen</sup>: 0.6","&#958;<sup>sen</sup>: 0.1"
"169","Survey",1,0.9,0,1,0.6,0.1,331839,33077.2727272727,1773.85709563723,-0.90032132230608,0.00534553532175914,0.900337032671302,"&#950;<sup>sen</sup>: 0.6","&#958;<sup>sen</sup>: 0.1"
"170","LP",1,0.9,0,1,0.6,0.1,331839,479140.180899187,24336.2966243192,0.443893517335777,0.0733376626144582,0.449851179128056,"&#950;<sup>sen</sup>: 0.6","&#958;<sup>sen</sup>: 0.1"
"171","HUG_GLM",1,0.9,0,1,0.6,0.1,331839,481842.501461731,24741.2781648019,0.452036986194302,0.0745580783596921,0.458083785857818,"&#950;<sup>sen</sup>: 0.6","&#958;<sup>sen</sup>: 0.1"
"172","HUG_XGB",1,0.9,0,1,0.6,0.1,331839,519490.402534484,31807.7755290851,0.565489296117949,0.095853035746507,0.573475431418973,"&#950;<sup>sen</sup>: 0.6","&#958;<sup>sen</sup>: 0.1"
"173","Survey",1,0,0,1,0.9,0.1,331839,332193.506493506,6016.83878866008,0.00106830870845949,0.0181318012308984,0.0180725171798123,"&#950;<sup>sen</sup>: 0.9","&#958;<sup>sen</sup>: 0.1"
"174","LP",1,0,0,1,0.9,0.1,331839,921268.083182511,34759.5823459096,1.77625017910044,0.104748333818236,1.77930525488396,"&#950;<sup>sen</sup>: 0.9","&#958;<sup>sen</sup>: 0.1"
"175","HUG_GLM",1,0,0,1,0.9,0.1,331839,937390.595886881,34279.8634703975,1.82483552532066,0.10330269639915,1.82772794121139,"&#950;<sup>sen</sup>: 0.9","&#958;<sup>sen</sup>: 0.1"
"176","HUG_XGB",1,0,0,1,0.9,0.1,331839,931435.683285848,45067.0536190947,1.80689033924839,0.135809997074168,1.811936149488,"&#950;<sup>sen</sup>: 0.9","&#958;<sup>sen</sup>: 0.1"
"177","Survey",1,0.3,0,1,0.9,0.1,331839,232818.181818182,4531.55612095732,-0.298400182563888,0.0136558877074645,0.298709369438841,"&#950;<sup>sen</sup>: 0.9","&#958;<sup>sen</sup>: 0.1"
"178","LP",1,0.3,0,1,0.9,0.1,331839,911551.306396515,45298.4727540439,1.74696857933069,0.136507380850485,1.75224060549488,"&#950;<sup>sen</sup>: 0.9","&#958;<sup>sen</sup>: 0.1"
"179","HUG_GLM",1,0.3,0,1,0.9,0.1,331839,914640.88973472,42105.0761115871,1.7562790682672,0.126884049528799,1.76081081665183,"&#950;<sup>sen</sup>: 0.9","&#958;<sup>sen</sup>: 0.1"
"180","HUG_XGB",1,0.3,0,1,0.9,0.1,331839,941944.906511426,54183.198419329,1.83855998394229,0.163281586610763,1.84572399949579,"&#950;<sup>sen</sup>: 0.9","&#958;<sup>sen</sup>: 0.1"
"181","Survey",1,0.6,0,1,0.9,0.1,331839,133001.948051948,3401.12923744704,-0.599197357598269,0.0102493354833128,0.599284132729892,"&#950;<sup>sen</sup>: 0.9","&#958;<sup>sen</sup>: 0.1"
"182","LP",1,0.6,0,1,0.9,0.1,331839,916111.998159327,52260.8779661258,1.76071226757351,0.157488655541169,1.76767144544505,"&#950;<sup>sen</sup>: 0.9","&#958;<sup>sen</sup>: 0.1"
"183","HUG_GLM",1,0.6,0,1,0.9,0.1,331839,923774.743056629,51203.8903494561,1.78380402260322,0.154303413249968,1.79039890498252,"&#950;<sup>sen</sup>: 0.9","&#958;<sup>sen</sup>: 0.1"
"184","HUG_XGB",1,0.6,0,1,0.9,0.1,331839,994776.067536895,81292.4006306338,1.99776719293662,0.244975426729932,2.0125820697001,"&#950;<sup>sen</sup>: 0.9","&#958;<sup>sen</sup>: 0.1"
"185","Survey",1,0.9,0,1,0.9,0.1,331839,33077.2727272727,1773.85709563723,-0.90032132230608,0.00534553532175914,0.900337032671302,"&#950;<sup>sen</sup>: 0.9","&#958;<sup>sen</sup>: 0.1"
"186","LP",1,0.9,0,1,0.9,0.1,331839,939300.988400142,148378.742686974,1.83059251142916,0.447140760088398,1.883880159044,"&#950;<sup>sen</sup>: 0.9","&#958;<sup>sen</sup>: 0.1"
"187","HUG_GLM",1,0.9,0,1,0.9,0.1,331839,991069.297471967,217387.630136485,1.98659680589674,0.655099702375204,2.09079672207766,"&#950;<sup>sen</sup>: 0.9","&#958;<sup>sen</sup>: 0.1"
"188","HUG_XGB",1,0.9,0,1,0.9,0.1,331839,1406334.17261832,401998.249227254,3.23800147848301,1.21142556850537,3.45507307644953,"&#950;<sup>sen</sup>: 0.9","&#958;<sup>sen</sup>: 0.1"
